{
  "Demo-LoginAtSHIP-HTTPRequest" : {
    "transaction" : "Demo-LoginAtSHIP-HTTPRequest",
    "sampleCount" : 1,
    "errorCount" : 0,
    "errorPct" : 0.0,
    "meanResTime" : 1099.0,
    "medianResTime" : 1099.0,
    "minResTime" : 1099.0,
    "maxResTime" : 1099.0,
    "pct1ResTime" : 1099.0,
    "pct2ResTime" : 1099.0,
    "pct3ResTime" : 1099.0,
    "throughput" : 0.9099181073703367,
    "receivedKBytesPerSec" : 2.278349636032757,
    "sentKBytesPerSec" : 0.34388506596906276
  },
  "Total" : {
    "transaction" : "Total",
    "sampleCount" : 1,
    "errorCount" : 0,
    "errorPct" : 0.0,
    "meanResTime" : 1099.0,
    "medianResTime" : 1099.0,
    "minResTime" : 1099.0,
    "maxResTime" : 1099.0,
    "pct1ResTime" : 1099.0,
    "pct2ResTime" : 1099.0,
    "pct3ResTime" : 1099.0,
    "throughput" : 0.9099181073703367,
    "receivedKBytesPerSec" : 2.278349636032757,
    "sentKBytesPerSec" : 0.34388506596906276
  }
}